{
  "id": "ebc6f85d-5e0f-4ae7-a36d-48ce30720bd9",
  "alias": "TableOfContentWebPart",
  "componentType": "WebPart",
  "version": "0.0.1",
  "manifestVersion": 2,
  "requiresCustomScript": false,
  "supportedHosts": [
    "SharePointWebPart",
    "TeamsPersonalApp",
    "TeamsTab",
    "SharePointFullPage"
  ],
  "supportsThemeVariants": true,
  "preconfiguredEntries": [
    {
      "groupId": "5c03119e-3074-46fd-976b-c60198311f70",
      "group": {
        "default": "Advanced"
      },
      "title": {
        "default": "tableOfContent"
      },
      "description": {
        "default": "tableOfContent description"
      },
      "officeFabricIconFontName": "Page",
      "properties": {
        "description": "tableOfContent"
      }
    }
  ],
  "loaderConfig": {
    "internalModuleBaseUrls": [
      "<!-- PATH TO CDN -->"
    ],
    "entryModuleId": "table-of-content-web-part",
    "scriptResources": {
      "table-of-content-web-part": {
        "type": "path",
        "path": "table-of-content-web-part.js"
      },
      "@microsoft/sp-property-pane": {
        "type": "component",
        "id": "f9e737b7-f0df-4597-ba8c-3060f82380db",
        "version": "1.18.2"
      },
      "@microsoft/sp-component-base": {
        "type": "component",
        "id": "467dc675-7cc5-4709-8aac-78e3b71bd2f6",
        "version": "1.18.2"
      },
      "@microsoft/sp-lodash-subset": {
        "type": "component",
        "id": "73e1dc6c-8441-42cc-ad47-4bd3659f8a3a",
        "version": "1.18.2"
      },
      "@microsoft/sp-core-library": {
        "type": "component",
        "id": "7263c7d0-1d6a-45ec-8d85-d4d1d234171b",
        "version": "1.18.2"
      },
      "@microsoft/sp-webpart-base": {
        "type": "component",
        "id": "974a7777-0990-4136-8fa6-95d80114c2e0",
        "version": "1.18.2"
      },
      "react": {
        "type": "component",
        "id": "0d910c1c-13b9-4e1c-9aa4-b008c5e42d7d",
        "version": "17.0.1"
      },
      "TableOfContentWebPartStrings": {
        "type": "path",
        "path": "TableOfContentWebPartStrings_en-us.js"
      },
      "react-dom": {
        "type": "component",
        "id": "aa0a46ec-1505-43cd-a44a-93f3a5aa460a",
        "version": "17.0.1"
      }
    }
  }
}