{
  "@microsoft/generator-sharepoint": {
    "plusBeta": false,
    "isCreatingSolution": true,
    "nodeVersion": "18.17.1",
    "sdksVersions": {
      "@microsoft/microsoft-graph-client": "3.0.2",
      "@microsoft/teams-js": "2.12.0"
    },
    "version": "1.18.2",
    "libraryName": "image-mapper",
    "libraryId": "71aeafe6-8e0d-41ce-8623-9f35739e6d21",
    "environment": "spo",
    "packageManager": "npm",
    "solutionName": "ImageMapper",
    "solutionShortDescription": "ImageMapper description",
    "skipFeatureDeployment": true,
    "isDomainIsolated": false,
    "componentType": "webpart"
  }
}
