{
  "bundles": {
    "tabs-web-part": {
      "dependencies": [
        {
          "componentId": "f9e737b7-f0df-4597-ba8c-3060f82380db",
          "componentName": "@microsoft/sp-property-pane",
          "componentVersion": "1.18.2",
          "isDirectDependency": true
        },
        {
          "componentId": "01c4df03-e775-48cb-aa14-171ee5199a15",
          "componentName": "tslib",
          "componentVersion": "2.3.1",
          "isDirectDependency": false
        },
        {
          "componentId": "396bbc17-3d18-4f43-8299-d99720d88e22",
          "componentName": "@ms/office-ui-fabric-react-bundle",
          "componentVersion": "1.18.6",
          "isDirectDependency": false
        },
        {
          "componentId": "1c6c9123-7aac-41f3-a376-3caea41ed83f",
          "componentName": "@microsoft/sp-loader",
          "componentVersion": "1.18.2",
          "isDirectDependency": false
        },
        {
          "componentId": "8496636c-2300-4915-abef-20de64c98d8b",
          "componentName": "@microsoft/sp-http-base",
          "componentVersion": "1.18.2",
          "isDirectDependency": false
        },
        {
          "componentId": "2e09fb9b-13bb-48f2-859f-97d6fff71176",
          "componentName": "@ms/odsp-core-bundle",
          "componentVersion": "1.3.342",
          "isDirectDependency": false
        },
        {
          "componentId": "7263c7d0-1d6a-45ec-8d85-d4d1d234171b",
          "componentName": "@microsoft/sp-core-library",
          "componentVersion": "1.18.2",
          "isDirectDependency": false
        },
        {
          "componentId": "1c4541f7-5c31-41aa-9fa8-fbc9dc14c0a8",
          "componentName": "@microsoft/sp-page-context",
          "componentVersion": "1.18.2",
          "isDirectDependency": false
        },
        {
          "componentId": "e40f8203-b39d-425a-a957-714852e33b79",
          "componentName": "@microsoft/sp-dynamic-data",
          "componentVersion": "1.18.2",
          "isDirectDependency": false
        },
        {
          "componentId": "73e1dc6c-8441-42cc-ad47-4bd3659f8a3a",
          "componentName": "@microsoft/sp-lodash-subset",
          "componentVersion": "1.18.2",
          "isDirectDependency": false
        },
        {
          "componentId": "78359e4b-07c2-43c6-8d0b-d060b4d577e8",
          "componentName": "@microsoft/sp-diagnostics",
          "componentVersion": "1.18.2",
          "isDirectDependency": false
        },
        {
          "componentId": "8217e442-8ed3-41fd-957d-b112e841286a",
          "componentName": "@ms/sp-telemetry",
          "componentVersion": "0.31.35",
          "isDirectDependency": false
        },
        {
          "componentId": "229b8d08-79f3-438b-8c21-4613fc877abd",
          "componentName": "@microsoft/load-themed-styles",
          "componentVersion": "0.1.2",
          "isDirectDependency": false
        },
        {
          "componentId": "0d910c1c-13b9-4e1c-9aa4-b008c5e42d7d",
          "componentName": "react",
          "componentVersion": "17.0.1",
          "isDirectDependency": false
        },
        {
          "componentId": "aa0a46ec-1505-43cd-a44a-93f3a5aa460a",
          "componentName": "react-dom",
          "componentVersion": "17.0.1",
          "isDirectDependency": false
        },
        {
          "componentId": "8494e7d7-6b99-47b2-a741-59873e42f16f",
          "componentName": "@ms/sp-component-utilities",
          "componentVersion": "12.35.2",
          "isDirectDependency": false
        },
        {
          "componentId": "974a7777-0990-4136-8fa6-95d80114c2e0",
          "componentName": "@microsoft/sp-webpart-base",
          "componentVersion": "1.18.2",
          "isDirectDependency": true
        },
        {
          "componentId": "467dc675-7cc5-4709-8aac-78e3b71bd2f6",
          "componentName": "@microsoft/sp-component-base",
          "componentVersion": "1.18.2",
          "isDirectDependency": false
        },
        {
          "componentId": "c07208f0-ea3b-4c1a-9965-ac1b825211a6",
          "componentName": "@microsoft/sp-http",
          "componentVersion": "1.18.2",
          "isDirectDependency": false
        },
        {
          "componentId": "aec2bbfd-a968-4d5b-a279-12e570f378e6",
          "componentName": "@microsoft/sp-http-msgraph",
          "componentVersion": "1.18.2",
          "isDirectDependency": false
        },
        {
          "componentId": "42647dee-1f75-4b9f-b521-5c844a6c35cc",
          "componentName": "@ms/sp-edit-customer-promise",
          "componentVersion": "0.1.0",
          "isDirectDependency": false
        }
      ],
      "asyncChunks": {}
    }
  }
}
